INSERT INTO Courses (course_code, course_name, credit_hours, description, department, semester, year)
VALUES
('INF30019', 'Toán rời rạc', 3, 'Nhập môn Toán rời rạc', 'Viện Kỹ thuật và Công nghệ', '1', 2025),
('POL10002', 'Tư tưởng Hồ Chí Minh', 2, 'Giới thiệu cơ bản Tư tưởng Hồ Chí Minh', 'Khoa Chính trị', '1', 2025),
('INF30033', 'An toàn thông tin', 3, 'Cơ bản An toàn thông tin', 'Viện Kỹ thuật và Công nghệ', '1', 2025),
('SPO10001', 'Giáo dục thể chất', 5, 'Thể dục nâng cao', 'Giáo dục thể chất', '2.1', 2025),
('INF21105', 'Cấu trúc dữ liệu và giải thuật', 3, 'Cấu trúc dữ liệu và giải thuật', 'Viện Kỹ thuật và Công nghệ', '2.1', 2025),
('INF20009', 'Hệ điều hành', 3, 'Cơ bản Hệ điều hành', 'Viện Kỹ thuật và Công nghệ', '2.1', 2025),
('SKI10000', '	Kỹ năng mềm', 3, 'Kỹ năng cơ bản cho Sinh viên', 'Viện Kỹ thuật và Công nghệ', '2.2', 2025);

INSERT INTO ExamRooms (room_code, address, max_capacity)
VALUES
('KT.301', 'Toà Trung tâm Khảo thí, Phòng 301', 20),
('KT.302', 'Toà Trung tâm Khảo thí, Phòng 302', 20),
('KT.303', 'Toà Trung tâm Khảo thí, Phòng 303', 20),
('PM_01_CS2', 'Nhà A5 - Cơ sở 2, Phòng 201', 36),
('PM_02_CS2', 'Nhà A5 - Cơ sở 2, Phòng 202', 36),
('PM_03_CS2', 'Nhà A5 - Cơ sở 2, Phòng 203', 36),
('C.204', 'Tòa C - Cơ sở 2, Phòng 204', 40),
('C.205', 'Tòa C - Cơ sở 2, Phòng 205', 40),
('C.206', 'Tòa C - Cơ sở 2, Phòng 206', 40);

INSERT INTO ExamSessions (session_code, course_code, room_code, student_codes, proctor_code, exam_date_time, session_status, report_file_path)
VALUES
('EXS001', 'INF30019', 'KT.301', '215748020110001,215748020110002,215748020110003,215748020110004,215748020110005,215748020110006,215748020110007,215748020110008,215748020110009,215748020110010', '907001', '2025-06-01 09:00:00', 'Scheduled', '/reports/EXS001_report.pdf'),
('EXS002', 'POL10002', 'KT.302', '215748020110011,215748020110012,215748020110013,215748020110014,215748020110015,215748020110016,215748020110017,215748020110018,215748020110019,215748020110020', '907002', '2025-06-02 10:00:00', 'Scheduled', '/reports/EXS002_report.pdf'),
('EXS003', 'INF30033', 'KT.303', '215748020110021,215748020110022,215748020110023,215748020110024,215748020110025,215748020110026,215748020110027,215748020110028,215748020110029,215748020110030', '907003', '2025-06-03 14:00:00', 'Completed', '/reports/EXS003_report.pdf'),
('EXS004', 'SPO10001', 'PM_01_CS2', '215748020110031,215748020110032,215748020110033,215748020110034,215748020110035,215748020110036,215748020110037,215748020110038,215748020110039,215748020110040', '907004', '2025-06-04 15:00:00', 'Scheduled', '/reports/EXS004_report.pdf'),
('EXS005', 'INF21105', 'PM_02_CS2', '215748020110041,215748020110042,215748020110043,215748020110044,215748020110045,215748020110046,215748020110047,215748020110048,215748020110049,215748020110050', '907005', '2025-06-05 09:00:00', 'Scheduled', '/reports/EXS005_report.pdf'),
('EXS006', 'INF20009', 'PM_03_CS2', '215748020110051,215748020110052,215748020110053,215748020110054,215748020110055,215748020110056,215748020110057,215748020110058,215748020110059,215748020110060', '907006', '2025-06-06 10:00:00', 'Scheduled', '/reports/EXS006_report.pdf'),
('EXS007', 'SKI10000', 'C.204', '215748020110061,215748020110062,215748020110063,215748020110064,215748020110065,215748020110066,215748020110067,215748020110068,215748020110069,215748020110070', '907007', '2025-06-07 13:00:00', 'Scheduled', '/reports/EXS007_report.pdf'),
('EXS008', 'INF30019', 'C.205', '215748020110071,215748020110072,215748020110073,215748020110074,215748020110075,215748020110076,215748020110077,215748020110078,215748020110079,215748020110080', '907001', '2025-06-08 09:00:00', 'Scheduled', '/reports/EXS008_report.pdf'),
('EXS009', 'POL10002', 'C.206', '215748020110081,215748020110082,215748020110083,215748020110084,215748020110085,215748020110086,215748020110087,215748020110088,215748020110089,215748020110090', '907002', '2025-06-09 10:00:00', 'Scheduled', '/reports/EXS009_report.pdf'),
('EXS010', 'INF30033', 'KT.301', '215748020110091,215748020110092,215748020110093,215748020110094,215748020110095,215748020110096,215748020110097,215748020110098,215748020110099,215748020110100', '907003', '2025-06-10 14:00:00', 'Scheduled', '/reports/EXS010_report.pdf');


